session_date,root,side,contracts,entry_time,entry_price,exit_time,exit_price,reason,or_high,or_low,stop_price,target_price,gross_pnl_usd,commission_usd,net_pnl_usd,start_equity,end_equity,hold_bars,equity_peak,drawdown_usd,drawdown_pct
2026-01-02,MES,long,1,2026-01-02 15:05:00+00:00,6939.5,2026-01-02 15:10:00+00:00,6936.25,stop,6939.25,6911.5,6936.5,6945.5,-16.25,1.24,-17.49,500.0,482.51,1,482.51,0.0,0.0
2026-01-05,MES,long,1,2026-01-05 15:05:00+00:00,6948.0,2026-01-05 15:10:00+00:00,6944.75,stop,6947.75,6930.25,6945.0,6954.0,-16.25,1.24,-17.49,482.51,465.02,1,482.51,-17.49000000000001,-0.036247953410292036
2026-01-06,MES,long,1,2026-01-06 15:00:00+00:00,6967.75,2026-01-06 15:10:00+00:00,6973.5,target,6967.5,6943.5,6964.75,6973.75,28.75,1.24,27.51,465.02,492.53,2,492.53,0.0,0.0
2026-01-07,MES,short,1,2026-01-07 15:05:00+00:00,6983.75,2026-01-07 15:10:00+00:00,6987.0,stop,6998.25,6984.0,6986.75,6977.75,-16.25,1.24,-17.49,492.53,475.03999999999996,1,492.53,-17.49000000000001,-0.035510527277526266
2026-01-08,MES,long,1,2026-01-08 15:10:00+00:00,6958.75,2026-01-08 15:20:00+00:00,6964.5,target,6958.5,6940.0,6955.75,6964.75,28.75,1.24,27.51,475.03999999999996,502.54999999999995,2,502.54999999999995,0.0,0.0
2026-01-09,MES,short,1,2026-01-09 15:05:00+00:00,6968.25,2026-01-09 15:10:00+00:00,6962.5,target,6987.5,6968.5,6971.25,6962.25,28.75,1.24,27.51,502.54999999999995,530.06,1,530.06,0.0,0.0
2026-01-12,MES,long,1,2026-01-12 15:00:00+00:00,7001.0,2026-01-12 15:05:00+00:00,6997.75,stop,7000.75,6964.5,6998.0,7007.0,-16.25,1.24,-17.49,530.06,512.5699999999999,1,530.06,-17.49000000000001,-0.032996264573821855
2026-01-13,MES,short,1,2026-01-13 15:00:00+00:00,7005.25,2026-01-13 15:05:00+00:00,6999.5,target,7027.5,7005.5,7008.25,6999.25,28.75,1.24,27.51,512.5699999999999,540.0799999999999,1,540.0799999999999,0.0,0.0
2026-01-14,MES,short,1,2026-01-14 15:00:00+00:00,6952.5,2026-01-14 15:05:00+00:00,6946.75,target,6979.5,6952.75,6955.5,6946.5,28.75,1.24,27.51,540.0799999999999,567.5899999999999,1,567.5899999999999,0.0,0.0
2026-01-15,MES,long,1,2026-01-15 15:40:00+00:00,7011.5,2026-01-15 15:45:00+00:00,7008.25,stop,7011.25,6994.5,7008.5,7017.5,-16.25,1.24,-17.49,567.5899999999999,550.0999999999999,1,567.5899999999999,-17.49000000000001,-0.030814496379428832
2026-01-16,MES,short,1,2026-01-16 15:00:00+00:00,6984.75,2026-01-16 15:05:00+00:00,6979.0,target,7002.0,6985.0,6987.75,6978.75,28.75,1.24,27.51,550.0999999999999,577.6099999999999,1,577.6099999999999,0.0,0.0
2026-01-19,MES,long,1,2026-01-19 15:00:00+00:00,6897.5,2026-01-19 15:10:00+00:00,6903.25,target,6897.25,6887.25,6894.5,6903.5,28.75,1.24,27.51,577.6099999999999,605.1199999999999,2,605.1199999999999,0.0,0.0
2026-01-20,MES,long,1,2026-01-20 15:25:00+00:00,6890.75,2026-01-20 15:30:00+00:00,6896.5,target,6890.5,6865.5,6887.75,6896.75,28.75,1.24,27.51,605.1199999999999,632.6299999999999,1,632.6299999999999,0.0,0.0
2026-01-21,MES,long,1,2026-01-21 15:00:00+00:00,6874.75,2026-01-21 15:05:00+00:00,6880.5,target,6874.5,6845.5,6871.75,6880.75,28.75,1.24,27.51,632.6299999999999,660.1399999999999,1,660.1399999999999,0.0,0.0
2026-01-22,MES,short,1,2026-01-22 15:00:00+00:00,6932.75,2026-01-22 15:05:00+00:00,6927.0,target,6963.75,6933.0,6935.75,6926.75,28.75,1.24,27.51,660.1399999999999,687.6499999999999,1,687.6499999999999,0.0,0.0
2026-01-23,MES,long,1,2026-01-23 15:00:00+00:00,6940.75,2026-01-23 15:05:00+00:00,6946.5,target,6940.5,6925.0,6937.75,6946.75,28.75,1.24,27.51,687.6499999999999,715.1599999999999,1,715.1599999999999,0.0,0.0
2026-01-26,MES,long,1,2026-01-26 15:15:00+00:00,6980.25,2026-01-26 15:20:00+00:00,6986.0,target,6980.0,6952.0,6977.25,6986.25,28.75,1.24,27.51,715.1599999999999,742.6699999999998,1,742.6699999999998,0.0,0.0
2026-01-27,MES,long,1,2026-01-27 15:40:00+00:00,7008.0,2026-01-27 15:50:00+00:00,7013.75,target,7007.75,6988.25,7005.0,7014.0,28.75,1.24,27.51,742.6699999999998,770.1799999999998,2,770.1799999999998,0.0,0.0
2026-01-28,MES,short,1,2026-01-28 15:05:00+00:00,7020.0,2026-01-28 15:15:00+00:00,7014.25,target,7031.25,7020.25,7023.0,7014.0,28.75,1.24,27.51,770.1799999999998,797.6899999999998,2,797.6899999999998,0.0,0.0
2026-01-29,MES,short,1,2026-01-29 15:00:00+00:00,6971.75,2026-01-29 15:05:00+00:00,6966.0,target,7021.75,6972.0,6974.75,6965.75,28.75,1.24,27.51,797.6899999999998,825.1999999999998,1,825.1999999999998,0.0,0.0
2026-01-30,MES,short,1,2026-01-30 15:00:00+00:00,6960.75,2026-01-30 15:05:00+00:00,6964.0,stop,6985.5,6961.0,6963.75,6954.75,-16.25,1.24,-17.49,825.1999999999998,807.7099999999998,1,825.1999999999998,-17.49000000000001,-0.02119486185167234
