root,freq,start,end,opening_range_minutes,stop_loss_points,target_multiplier,target_points,side_mode,max_hold_bars,start_equity,end_equity,total_net_pnl,gross_pnl,total_commission,num_trades,win_rate,avg_trade,avg_win,avg_loss,profit_factor,max_drawdown_usd,max_drawdown_pct
MES,5m,2026-01-01,2026-02-01,30,3.0,2.0,6.0,both,,500.0,807.7099999999998,307.71,333.75,26.039999999999992,21,0.7142857142857143,14.652857142857142,27.509999999999998,-17.49,3.9322469982847346,-17.49000000000001,-0.036247953410292036
MES,5m,2026-01-01,2026-02-01,30,4.0,1.5,6.0,both,,500.0,777.7099999999998,277.71,303.75,26.039999999999992,21,0.7142857142857143,13.224285714285713,27.509999999999998,-22.49,3.058025789239662,-22.49000000000001,-0.04709849008397732
MES,5m,2026-01-01,2026-02-01,30,3.0,1.5,4.5,both,,500.0,695.2099999999998,195.20999999999998,221.25,26.039999999999992,21,0.7142857142857143,9.295714285714284,20.009999999999998,-17.49,2.8602058319039454,-17.49000000000001,-0.036247953410292036
MES,5m,2026-01-01,2026-02-01,30,4.0,2.0,8.0,both,,500.0,687.7099999999998,187.70999999999998,213.75,26.039999999999992,21,0.5238095238095238,8.938571428571427,37.51,-22.490000000000002,1.8346376167185414,-67.47000000000003,-0.10143729139729987
MES,5m,2026-01-01,2026-02-01,30,3.0,2.0,6.0,long,,500.0,670.1599999999999,170.16000000000003,190.0,19.84,16,0.625,10.635000000000002,27.51,-17.49,2.62149799885649,-34.98000000000002,-0.06082843529370852
MES,5m,2026-01-01,2026-02-01,15,4.0,1.5,6.0,long,,500.0,667.6699999999998,167.67000000000002,188.75,21.08,17,0.6470588235294118,9.862941176470589,27.51,-22.49,2.242552245442419,-44.98000000000002,-0.06311653686943103
MES,5m,2026-01-01,2026-02-01,30,4.0,1.5,6.0,long,,500.0,640.1599999999999,140.16000000000003,160.0,19.84,16,0.625,8.760000000000002,27.51,-22.49,2.038683859493108,-44.98000000000002,-0.07960216614164871
MES,5m,2026-01-01,2026-02-01,30,3.0,1.5,4.5,long,,500.0,632.6599999999999,132.66000000000003,152.5,19.84,16,0.6875,8.291250000000002,20.009999999999998,-17.49,2.516981132075472,-34.98000000000002,-0.06417642094448321
MES,5m,2026-01-01,2026-02-01,30,2.0,2.0,4.0,long,,500.0,630.1599999999999,130.16000000000003,150.0,19.84,16,0.6875,8.135000000000002,17.509999999999998,-12.49,3.084227381905524,-24.980000000000018,-0.04582981690089168
MES,5m,2026-01-01,2026-02-01,30,2.0,2.0,4.0,both,,500.0,627.7099999999998,127.71000000000005,153.75,26.039999999999992,21,0.6190476190476191,6.081428571428574,17.509999999999998,-12.49,2.2781224979983983,-24.980000000000018,-0.04849920397623582
MES,5m,2026-01-01,2026-02-01,30,4.0,1.0,4.0,both,,500.0,627.7099999999998,127.71000000000002,153.75,26.039999999999992,21,0.7142857142857143,6.081428571428573,17.509999999999998,-22.49,1.9464206313917296,-27.470000000000027,-0.05752759104521377
MES,5m,2026-01-01,2026-02-01,30,4.0,2.0,8.0,short,,500.0,627.6299999999999,127.62999999999998,143.75,16.12,13,0.5384615384615384,9.817692307692306,37.51,-22.49,1.9458277753075441,-67.47000000000003,-0.10500023343760218
MES,5m,2026-01-01,2026-02-01,15,3.0,2.0,6.0,long,,500.0,607.6699999999998,107.67000000000003,128.75,21.08,17,0.5294117647058824,6.333529411764708,27.51,-17.49,1.7695111492281306,-34.98000000000002,-0.06082843529370852
MES,5m,2026-01-01,2026-02-01,30,4.0,1.5,6.0,short,,500.0,607.6299999999999,107.63000000000004,123.75,16.12,13,0.6153846153846154,8.279230769230772,27.51,-22.49,1.957136505113384,-44.98000000000002,-0.07590664394080028
MES,5m,2026-01-01,2026-02-01,15,4.0,1.0,4.0,long,,500.0,597.6699999999998,97.67000000000003,118.75,21.08,17,0.7058823529411765,5.74529411764706,17.509999999999998,-22.49,1.8685638061360605,-44.98000000000002,-0.06999144168676578
MES,5m,2026-01-01,2026-02-01,30,3.0,2.0,6.0,short,,500.0,587.6299999999999,87.63000000000002,103.75,16.12,13,0.5384615384615384,6.740769230769232,27.509999999999998,-17.49,1.8350485991995429,-34.98000000000002,-0.06273651738795133
MES,5m,2026-01-01,2026-02-01,30,3.0,1.0,3.0,both,,500.0,582.7099999999998,82.71000000000002,108.75,26.039999999999992,21,0.7142857142857143,3.9385714285714295,12.509999999999998,-17.49,1.7881646655231562,-22.470000000000027,-0.04656898302625858
MES,5m,2026-01-01,2026-02-01,30,4.0,1.0,4.0,long,,500.0,580.1599999999999,80.16000000000003,100.0,19.84,16,0.6875,5.010000000000002,17.509999999999998,-22.49,1.7128501556247222,-44.98000000000002,-0.08566640003047275
MES,5m,2026-01-01,2026-02-01,15,3.0,1.5,4.5,long,,500.0,577.6699999999998,77.67000000000003,98.75,21.08,17,0.5882352941176471,4.568823529411766,20.009999999999998,-17.49,1.6344033325165404,-34.98000000000002,-0.06417642094448321
MES,5m,2026-01-01,2026-02-01,30,2.0,1.5,3.0,long,,500.0,575.1599999999999,75.16,95.0,19.84,16,0.6875,4.6975,12.510000000000002,-12.49,2.2035228182546036,-24.980000000000018,-0.04757551517921765
MES,5m,2026-01-01,2026-02-01,30,4.0,1.0,4.0,short,,500.0,567.6299999999999,67.63000000000004,83.75,16.12,13,0.6923076923076923,5.202307692307695,17.51,-22.49,1.7517785682525568,-22.49000000000001,-0.04345809742806904
MES,5m,2026-01-01,2026-02-01,30,2.0,1.5,3.0,both,,500.0,562.7099999999998,62.70999999999999,88.75,26.039999999999992,21,0.6190476190476191,2.9861904761904756,12.51,-12.49,1.6276020816653323,-24.980000000000018,-0.04995400551933772
MES,5m,2026-01-01,2026-02-01,30,4.0,2.0,8.0,long,,500.0,560.1599999999999,60.15999999999999,80.0,19.84,16,0.4375,3.7599999999999993,37.51,-22.49,1.297218516871696,-67.47000000000003,-0.11013532263593484
MES,5m,2026-01-01,2026-02-01,15,2.0,2.0,4.0,long,,500.0,557.6699999999998,57.67000000000001,78.75,21.08,17,0.5294117647058824,3.3923529411764712,17.51,-12.49,1.5771617293835067,-37.47000000000003,-0.06295997580401257
MES,5m,2026-01-01,2026-02-01,30,3.0,1.0,3.0,long,,500.0,550.1599999999999,50.160000000000004,70.0,19.84,16,0.6875,3.1350000000000002,12.510000000000002,-17.49,1.5735849056603777,-34.98000000000002,-0.06791441773773933
MES,5m,2026-01-01,2026-02-01,15,3.0,2.0,6.0,both,,500.0,537.7099999999998,37.710000000000036,63.75,26.039999999999992,21,0.42857142857142855,1.7957142857142874,27.51,-17.490000000000002,1.17967409948542,-104.94000000000005,-0.19430454747444836
MES,5m,2026-01-01,2026-02-01,15,4.0,2.0,8.0,long,,500.0,537.6699999999998,37.67,58.75,21.08,17,0.4117647058823529,2.2158823529411764,37.51,-22.490000000000002,1.1674966651845264,-44.98000000000002,-0.09132438633179708
MES,5m,2026-01-01,2026-02-01,30,3.0,1.5,4.5,short,,500.0,535.1299999999999,35.130000000000024,51.25,16.12,13,0.5384615384615384,2.702307692307694,20.01,-17.49,1.3347627215551747,-34.98000000000002,-0.06630399757378172
MES,5m,2026-01-01,2026-02-01,15,4.0,1.5,6.0,both,,500.0,527.7099999999998,27.710000000000033,53.75,26.039999999999992,21,0.47619047619047616,1.319523809523811,27.51,-22.490000000000002,1.1120093779053317,-134.94000000000005,-0.2367036205444851
MES,5m,2026-01-01,2026-02-01,30,2.0,1.0,2.0,long,,500.0,520.1599999999999,20.159999999999997,40.0,19.84,16,0.6875,1.2599999999999998,7.510000000000002,-12.49,1.322818254603683,-24.980000000000018,-0.049459470161961
MES,5m,2026-01-01,2026-02-01,15,2.0,1.5,3.0,long,,500.0,512.6699999999998,12.669999999999996,33.75,21.08,17,0.5294117647058824,0.7452941176470587,12.51,-12.49,1.1268014411529224,-37.47000000000003,-0.06810993565274301
MES,5m,2026-01-01,2026-02-01,15,4.0,2.0,8.0,both,,500.0,507.7099999999998,7.710000000000008,33.75,26.039999999999992,21,0.38095238095238093,0.36714285714285755,37.51,-22.490000000000002,1.0263706946677156,-134.94000000000005,-0.24092986716183415
MES,5m,2026-01-01,2026-02-01,15,3.0,1.0,3.0,long,,500.0,502.66999999999985,2.6700000000000124,23.75,21.08,17,0.5882352941176471,0.1570588235294125,12.510000000000002,-17.49,1.0218083802989466,-39.960000000000036,-0.07758319419096812
MES,5m,2026-01-01,2026-02-01,30,2.0,1.0,2.0,both,,500.0,497.7099999999998,-2.2900000000000045,23.75,26.039999999999992,21,0.6190476190476191,-0.10904761904761925,7.510000000000002,-12.49,0.977081665332266,-32.41000000000008,-0.06648068757563964
MES,5m,2026-01-01,2026-02-01,30,2.0,2.0,4.0,short,,500.0,487.6299999999999,-12.369999999999992,3.75,16.12,13,0.38461538461538464,-0.9515384615384609,17.51,-12.49,0.876200960768615,-24.980000000000018,-0.04970451877350423
MES,5m,2026-01-01,2026-02-01,5,3.0,2.0,6.0,long,,500.0,482.6899999999998,-17.30999999999997,6.25,23.559999999999995,19,0.3684210526315789,-0.9110526315789458,27.509999999999998,-17.490000000000002,0.9175242995997711,-52.47000000000003,-0.10236650603819973
MES,5m,2026-01-01,2026-02-01,30,3.0,1.0,3.0,short,,500.0,482.6299999999999,-17.369999999999997,-1.25,16.12,13,0.5384615384615384,-1.336153846153846,12.510000000000002,-17.49,0.8344768439108063,-39.960000000000036,-0.0795144761715253
MES,5m,2026-01-01,2026-02-01,15,2.0,2.0,4.0,both,,500.0,477.7099999999998,-22.289999999999992,3.75,26.039999999999992,21,0.38095238095238093,-1.061428571428571,17.51,-12.49,0.8627209459875593,-74.94000000000005,-0.14409321642824194
MES,5m,2026-01-01,2026-02-01,5,4.0,1.5,6.0,long,,500.0,472.6899999999998,-27.30999999999997,-3.75,23.559999999999995,19,0.42105263157894735,-1.43736842105263,27.51,-22.490000000000002,0.8896075023242653,-69.88000000000011,-0.12879444127025105
MES,5m,2026-01-01,2026-02-01,5,2.0,2.0,4.0,long,,500.0,472.6899999999998,-27.309999999999988,-3.75,23.559999999999995,19,0.3684210526315789,-1.437368421052631,17.51,-12.49,0.8177875633840407,-37.47000000000003,-0.07455677816025634
MES,5m,2026-01-01,2026-02-01,15,3.0,1.5,4.5,both,,500.0,470.2099999999998,-29.789999999999964,-3.75,26.039999999999992,21,0.42857142857142855,-1.4185714285714268,20.01,-17.490000000000002,0.8580617495711834,-104.94000000000005,-0.20573243412798006
MES,5m,2026-01-01,2026-02-01,15,2.0,1.0,2.0,long,,500.0,467.66999999999985,-32.330000000000005,-11.25,21.08,17,0.5294117647058824,-1.9017647058823532,7.510000000000001,-12.49,0.6764411529223379,-37.47000000000003,-0.07417745575484032
MES,5m,2026-01-01,2026-02-01,30,2.0,1.5,3.0,short,,500.0,462.6299999999999,-37.37000000000001,-21.25,16.12,13,0.38461538461538464,-2.8746153846153857,12.51,-12.49,0.6260008006405123,-24.980000000000018,-0.051233669011629145
MES,5m,2026-01-01,2026-02-01,30,2.0,1.0,2.0,short,,500.0,457.6299999999999,-42.37000000000001,-26.25,16.12,13,0.46153846153846156,-3.2592307692307703,7.509999999999999,-12.489999999999998,0.5153837355598765,-29.88000000000011,-0.0612910504399912
MES,5m,2026-01-01,2026-02-01,15,2.0,1.5,3.0,both,,500.0,437.7099999999998,-62.29000000000001,-36.25,26.039999999999992,21,0.38095238095238093,-2.966190476190477,12.51,-12.49,0.6163700190921968,-74.94000000000005,-0.14985602303631432
MES,5m,2026-01-01,2026-02-01,5,2.0,1.5,3.0,long,,500.0,437.6899999999998,-62.31000000000001,-38.75,23.559999999999995,19,0.3684210526315789,-3.2794736842105268,12.510000000000002,-12.49,0.584267413931145,-49.88000000000011,-0.102303259019218
MES,5m,2026-01-01,2026-02-01,15,2.0,2.0,4.0,short,,500.0,432.64999999999986,-67.34999999999998,-48.75,18.599999999999998,15,0.26666666666666666,-4.489999999999998,17.51,-12.489999999999998,0.5097896499017397,-74.94000000000005,-0.15061802833886054
MES,5m,2026-01-01,2026-02-01,5,3.0,1.5,4.5,long,,500.0,430.1899999999998,-69.80999999999996,-46.25,23.559999999999995,19,0.3684210526315789,-3.6742105263157874,20.01,-17.490000000000002,0.6673813607775873,-59.88000000000011,-0.1221866264003104
MES,5m,2026-01-01,2026-02-01,15,4.0,1.0,4.0,both,,500.0,427.7099999999998,-72.28999999999995,-46.25,26.039999999999992,21,0.47619047619047616,-3.44238095238095,17.509999999999998,-22.490000000000002,0.7077893205060835,-134.94000000000005,-0.25946008306414414
MES,5m,2026-01-01,2026-02-01,5,2.0,2.0,4.0,both,,500.0,417.7099999999998,-82.28999999999998,-56.25,26.039999999999992,21,0.2857142857142857,-3.9185714285714277,17.51,-12.490000000000002,0.5607686148919135,-104.82000000000016,-0.20254681068964883
MES,5m,2026-01-01,2026-02-01,15,3.0,2.0,6.0,short,,500.0,417.64999999999986,-82.34999999999995,-63.75,18.599999999999998,15,0.26666666666666666,-5.489999999999997,27.51,-17.490000000000002,0.5719631997505068,-104.94000000000005,-0.20881504327927583
MES,5m,2026-01-01,2026-02-01,15,2.0,1.0,2.0,short,,500.0,412.64999999999986,-87.34999999999997,-68.75,18.599999999999998,15,0.3333333333333333,-5.8233333333333315,7.51,-12.489999999999998,0.30064051240992795,-74.86000000000013,-0.15355582449590804
MES,5m,2026-01-01,2026-02-01,15,2.0,1.5,3.0,short,,500.0,412.64999999999986,-87.34999999999998,-68.75,18.599999999999998,15,0.26666666666666666,-5.823333333333332,12.51,-12.489999999999998,0.3642186476453891,-74.94000000000005,-0.153707312070557
MES,5m,2026-01-01,2026-02-01,5,2.0,2.0,4.0,short,,500.0,407.66999999999985,-92.33,-71.25,21.08,17,0.23529411764705882,-5.431176470588235,17.51,-12.49,0.43136047299377966,-114.86000000000013,-0.22194740198257062
MES,5m,2026-01-01,2026-02-01,5,3.0,2.0,6.0,both,,500.0,402.7099999999998,-97.28999999999995,-71.25,26.039999999999992,21,0.2857142857142857,-4.632857142857141,27.51,-17.490000000000002,0.6291595197255574,-134.82000000000016,-0.25557809330628833
MES,5m,2026-01-01,2026-02-01,15,3.0,1.0,3.0,both,,500.0,402.7099999999998,-97.28999999999995,-71.25,26.039999999999992,21,0.42857142857142855,-4.632857142857141,12.51,-17.490000000000002,0.5364493996569468,-114.90000000000009,-0.23447065545669762
MES,5m,2026-01-01,2026-02-01,5,2.0,1.0,2.0,long,,500.0,402.6899999999998,-97.30999999999999,-73.75,23.559999999999995,19,0.3684210526315789,-5.121578947368421,7.509999999999999,-12.49,0.3507472644782492,-84.82000000000016,-0.17398617464257177
MES,5m,2026-01-01,2026-02-01,15,4.0,2.0,8.0,short,,500.0,402.64999999999986,-97.34999999999998,-78.75,18.599999999999998,15,0.26666666666666666,-6.489999999999998,37.51,-22.490000000000002,0.6064917741218319,-134.94000000000005,-0.26586543197714524
MES,5m,2026-01-01,2026-02-01,15,2.0,1.0,2.0,both,,500.0,397.7099999999998,-102.28999999999998,-76.25,26.039999999999992,21,0.38095238095238093,-4.87095238095238,7.51,-12.49,0.3700190921968344,-92.33000000000015,-0.1884131907599383
MES,5m,2026-01-01,2026-02-01,5,4.0,1.0,4.0,long,,500.0,392.6899999999998,-107.30999999999996,-83.75,23.559999999999995,19,0.42105263157894735,-5.647894736842103,17.51,-22.490000000000002,0.5662314564048668,-124.82000000000016,-0.2411934068906884
MES,5m,2026-01-01,2026-02-01,5,2.0,1.5,3.0,both,,500.0,387.7099999999998,-112.28999999999998,-86.25,26.039999999999992,21,0.2857142857142857,-5.347142857142856,12.51,-12.490000000000002,0.40064051240992793,-124.82000000000016,-0.24354646738600255
MES,5m,2026-01-01,2026-02-01,5,2.0,1.5,3.0,short,,500.0,387.66999999999985,-112.33,-91.25,21.08,17,0.23529411764705882,-6.607647058823529,12.51,-12.49,0.3081850095460984,-124.86000000000013,-0.24362451464361695
MES,5m,2026-01-01,2026-02-01,5,2.0,1.0,2.0,short,,500.0,387.66999999999985,-112.33,-91.25,21.08,17,0.29411764705882354,-6.607647058823529,7.51,-12.49,0.2505337603416066,-119.84000000000015,-0.23613327816200694
MES,5m,2026-01-01,2026-02-01,15,3.0,1.5,4.5,short,,500.0,387.64999999999986,-112.34999999999995,-93.75,18.599999999999998,15,0.26666666666666666,-7.489999999999997,20.01,-17.490000000000002,0.4160299391860284,-104.94000000000005,-0.21523946261921867
MES,5m,2026-01-01,2026-02-01,5,3.0,2.0,6.0,short,,500.0,382.66999999999985,-117.32999999999997,-96.25,21.08,17,0.23529411764705882,-6.901764705882351,27.51,-17.490000000000002,0.48396886132735184,-154.86000000000013,-0.29356789444749887
MES,5m,2026-01-01,2026-02-01,5,3.0,1.0,3.0,long,,500.0,377.6899999999998,-122.30999999999997,-98.75,23.559999999999995,19,0.3684210526315789,-6.43736842105263,12.510000000000002,-17.490000000000002,0.41723842195540306,-104.82000000000016,-0.21723902095293396
MES,5m,2026-01-01,2026-02-01,5,4.0,2.0,8.0,long,,500.0,372.6899999999998,-127.30999999999997,-103.75,23.559999999999995,19,0.2631578947368421,-6.700526315789472,37.51,-22.490000000000002,0.5956615638696563,-104.82000000000016,-0.21951372746120534
MES,5m,2026-01-01,2026-02-01,15,4.0,1.5,6.0,short,,500.0,362.64999999999986,-137.34999999999997,-118.75,18.599999999999998,15,0.26666666666666666,-9.156666666666665,27.51,-22.490000000000002,0.44480375116213267,-134.94000000000005,-0.27677161316788035
MES,5m,2026-01-01,2026-02-01,15,4.0,1.0,4.0,short,,500.0,362.64999999999986,-137.34999999999997,-118.75,18.599999999999998,15,0.3333333333333333,-9.156666666666665,17.51,-22.490000000000002,0.38928412627834597,-114.86000000000013,-0.24053946514209154
MES,5m,2026-01-01,2026-02-01,5,3.0,1.5,4.5,both,,500.0,357.7099999999998,-142.28999999999996,-116.25,26.039999999999992,21,0.2857142857142857,-6.775714285714284,20.01,-17.490000000000002,0.45763293310463127,-164.82000000000016,-0.3169554431645549
MES,5m,2026-01-01,2026-02-01,5,2.0,1.0,2.0,both,,500.0,357.7099999999998,-142.29000000000002,-116.25,26.039999999999992,21,0.2857142857142857,-6.775714285714287,7.509999999999999,-12.490000000000002,0.2405124099279423,-149.80000000000018,-0.2951665977025087
MES,5m,2026-01-01,2026-02-01,15,3.0,1.0,3.0,short,,500.0,357.64999999999986,-142.34999999999997,-123.75,18.599999999999998,15,0.26666666666666666,-9.489999999999998,12.51,-17.490000000000002,0.26009667862154995,-124.86000000000013,-0.2587718389256184
MES,5m,2026-01-01,2026-02-01,5,3.0,1.5,4.5,short,,500.0,352.66999999999985,-147.32999999999998,-126.25,21.08,17,0.23529411764705882,-8.666470588235294,20.01,-17.490000000000002,0.3520253331574086,-169.86000000000013,-0.3266475644699143
MES,5m,2026-01-01,2026-02-01,5,4.0,2.0,8.0,both,,500.0,327.7099999999998,-172.29000000000002,-146.25,26.039999999999992,21,0.23809523809523808,-8.204285714285716,37.51,-22.49,0.5212038683859493,-224.82000000000016,-0.41826198582351987
MES,5m,2026-01-01,2026-02-01,5,4.0,1.5,6.0,both,,500.0,327.7099999999998,-172.29000000000002,-146.25,26.039999999999992,21,0.2857142857142857,-8.204285714285716,27.51,-22.490000000000002,0.4892841262783459,-204.82000000000016,-0.3882769994881617
MES,5m,2026-01-01,2026-02-01,5,3.0,1.0,3.0,short,,500.0,322.66999999999985,-177.32999999999998,-156.25,21.08,17,0.23529411764705882,-10.431176470588234,12.51,-17.490000000000002,0.22008180498746532,-189.84000000000015,-0.3704122846383488
MES,5m,2026-01-01,2026-02-01,5,4.0,1.5,6.0,short,,500.0,317.66999999999985,-182.32999999999998,-161.25,21.08,17,0.23529411764705882,-10.725294117647058,27.51,-22.490000000000002,0.3763724048294969,-214.86000000000013,-0.4073098140319617
MES,5m,2026-01-01,2026-02-01,5,4.0,1.0,4.0,short,,500.0,317.66999999999985,-182.32999999999998,-161.25,21.08,17,0.29411764705882354,-10.725294117647058,17.51,-22.49,0.3244034385652883,-199.84000000000015,-0.3861567892407879
MES,5m,2026-01-01,2026-02-01,5,3.0,1.0,3.0,both,,500.0,312.7099999999998,-187.29000000000002,-161.25,26.039999999999992,21,0.2857142857142857,-8.918571428571429,12.51,-17.490000000000002,0.286106346483705,-199.80000000000018,-0.3898460517843558
MES,5m,2026-01-01,2026-02-01,5,4.0,2.0,8.0,short,,500.0,297.66999999999985,-202.32999999999998,-181.25,21.08,17,0.17647058823529413,-11.901764705882352,37.51,-22.490000000000002,0.3573969383217938,-254.86000000000013,-0.47414931815222067
MES,5m,2026-01-01,2026-02-01,5,4.0,1.0,4.0,both,,500.0,267.7099999999998,-232.29000000000002,-206.25,26.039999999999992,21,0.2857142857142857,-11.061428571428573,17.51,-22.490000000000002,0.3114273010226768,-249.80000000000018,-0.4826959865509849
